,Iteration,d,sigma,theta,min_NLL
0,1,0.001,0.05,0.5,13966.881671385809
1,2,0.001,0.05,0.255,13948.411450333584
