,Iteration,d,sigma,theta,min_NLL
0,1,0.001,0.05,0.01,14170.246834902116
1,2,0.001,0.05,0.0,14169.154305200354
